id,company,programme,category,categories,season,region,locations,opening_date,closing_date,url,format,eligibility,cv_required,rolling,scraped_date
0con8565q6,Tesco,Technology Internship,summer-internships,['Software Engineering'],2026,UK,UK,2025-09-23T00:00:00.000Z,,https://tescoearlycareers.groupgti.com/VacancyPosting/Search?utm_source=Trackr&utm_medium=tracker&utm_campaign=UK_Technology_2026#!/?text=searchField:%22technology%22%20ALSO%20dynamicstring_Vacancy_Name:%22technology%22%20AND%20%22internship%22,,,Yes,,2026-02-19T15:27:56.957210
0s8vxxg4lp,Apple,Internship,summer-internships,['FAANG+'],2026,UK,UK,2025-10-10T00:00:00.000Z,,https://jobs.apple.com/en-gb/search?location=united-kingdom-GBR&key=internship&utm_source=Trackr&utm_medium=tracker&utm_campaign=UK_Technology_2026,,,Yes,,2026-02-19T15:27:56.957290
0zqbnnmxs1,PQShield,Software Prototype Intern – Post-Quantum Cryptography,summer-internships,['Cyber Security'],2026,UK,UK,2026-01-27T00:00:00.000Z,,https://pqshield.com/careers/apply/4766811101/?utm_source=Trackr&utm_medium=tracker&utm_campaign=UK_Technology_2026,,,Yes,,2026-02-19T15:27:56.957303
1n2dml5vsf,Cboe Global Markets,Intern - Data & Analytics,summer-internships,['Data Science'],2026,UK,UK,2026-03-02T00:00:00.000Z,,https://careers.cboe.com/us/en/job/CBJCGMUSR4313EXTERNALENUS/Intern-Data-Analytics?utm_source=Trackr&utm_medium=tracker&utm_campaign=UK_Technology_2026,,,Yes,,2026-02-19T15:27:56.957384
1npeqij460,Goldman Sachs,2026 Summer Analyst Programme,summer-internships,['Software Engineering'],2026,UK,UK,2025-08-15T00:00:00.000Z,,https://higher.gs.com/campus?DIVISION=Engineering+Division&EXPERIENCE_LEVEL=Summer+Analyst&LOCATION=London%7CBirmingham&page=1&sort=RELEVANCE&utm_source=Trackr&utm_medium=tracker&utm_campaign=UK_Technology_2026,,,Yes,,2026-02-19T15:27:56.957397
1t7hdgwzfz,WTW,2026 Software Developer Internship,summer-internships,['Software Engineering'],2026,UK,UK,2026-02-02T00:00:00.000Z,,https://careers.wtwco.com/jobs/2026-software-developer-internship-reigate-reigate-england-united-kingdom-7b904587-0a7d-4481-b757-92558b6aa1fc,,,Yes,,2026-02-19T15:27:56.957409
263k0frrk2,BNY Mellon,2026 Summer Internship Program,summer-internships,['Software Engineering'],2026,UK,UK,2025-09-16T00:00:00.000Z,,https://eofe.fa.us2.oraclecloud.com/hcmUI/CandidateExperience/en/sites/CX_1001/jobs?keyword=%22summer+internship+program+-+engineering%22&location=United+Kingdom&locationId=300000000378281&locationLevel=country&mode=location&utm_source=Trackr&utm_medium=tracker&utm_campaign=UK_Technology_2026&iis=Trackr&sType=Trackr,,,No,,2026-02-19T15:27:56.957456
34z4fmv599,Vanguard,Technology Internship (Summer 2026),summer-internships,['Software Engineering'],2026,UK,UK,2026-02-06T00:00:00.000Z,,https://www.vanguardjobs.com/job-search-results/?keyword=Technology+Internship+-+Summer+2026&utm_source=Trackr&utm_medium=tracker&utm_campaign=UK_Technology_2026,,,Yes,,2026-02-19T15:27:56.957591
3bjskysf8i,Viasat,Software Engineer Intern,summer-internships,['Software Engineering'],2026,UK,UK,2026-03-04T00:00:00.000Z,,https://careers.viasat.com/jobs/5805?utm_source=Trackr&utm_medium=tracker&utm_campaign=UK_Technology_2026,,,Yes,,2026-03-05T17:30:09.005320
44mvr3xgsk,F5,Software Engineering & Data Science Internship 2026,summer-internships,['Software Engineering'],2026,UK,UK,2026-03-11T00:00:00.000Z,,https://ffive.wd5.myworkdayjobs.com/en-US/f5jobs/jobs/details/Software-Engineering-Internship-2026_RP1036038?workerSubType=7a119632acd0109fce74cbf856cb3009&locationHierarchy1=7a119632acd0109fd9712a0bb14348f2&utm_source=Trackr&utm_medium=tracker&utm_campaign=UK_Technology_2026&source=Trackr,,,No,,2026-03-16T07:08:40.014927
496yn141tj,Quantum Dice,Summer Internship Programme,summer-internships,['AI and Machine Learning'],2026,UK,UK,2026-02-23T00:00:00.000Z,,https://quantumdice.bamboohr.com/careers/45?utm_source=Trackr&utm_medium=tracker&utm_campaign=UK_Technology_2026&source=Trackr,,,Yes,,2026-02-19T15:27:56.957725
4a16ev6irw,Hacktron AI,Member of Technical Staff Intern,summer-internships,['Startups'],2026,UK,UK,2026-01-27T00:00:00.000Z,,https://jobs.gem.com/hacktron/am9icG9zdDo5OM6Mx6yg5PkpmkvF_8aC?utm_source=Trackr&utm_medium=tracker&utm_campaign=UK_Technology_2026,,,Yes,,2026-02-19T15:27:56.957756
5608ionbfi,S&P Global,Software Engineer Intern,summer-internships,['Software Engineering'],2026,UK,UK,2026-03-11T00:00:00.000Z,,https://careers.spglobal.com/jobs/326037?utm_source=Trackr&utm_medium=tracker&utm_campaign=UK_Technology_2026,,,Yes,,2026-02-19T15:27:56.957996
57k27ntihv,TPP,Summer Internship - Software Developer,summer-internships,['Software Engineering'],2026,UK,UK,2025-09-04T00:00:00.000Z,,https://tpp-careers.com/roles/summer-internship-software-developer/?utm_source=Trackr&utm_medium=tracker&utm_campaign=UK_Technology_2026,,,No,,2026-02-19T15:27:56.958018
5i4tavi561,MongoDB,"2026 - Software Engineering Intern, Dublin",summer-internships,['Software Engineering'],2026,UK,UK,2026-02-13T00:00:00.000Z,,https://www.mongodb.com/careers/jobs/6918894?utm_source=Trackr&utm_medium=tracker&utm_campaign=UK_Technology_2026,,,Yes,,2026-02-19T15:27:56.958178
68uvmztoxs,Hudson River Trading,Software Engineering Internship - Summer 2026,summer-internships,['Quant Developer'],2026,UK,UK,2025-10-07T00:00:00.000Z,,https://www.hudsonrivertrading.com/hrt-job/software-engineering-internship-summer-2026-2/?utm_source=Trackr&utm_medium=tracker&utm_campaign=UK_Technology_2026,,,Yes,,2026-02-19T15:27:56.958319
6cpsdse5kz,Dojo,"Intern, Associate Software Engineer",summer-internships,['Software Engineering'],2026,UK,UK,2026-02-05T00:00:00.000Z,,https://dojo.careers/jobs/4762109101/?gh_jid=4762109101&gh_src=Trackr&utm_source=Trackr&utm_medium=tracker&utm_campaign=UK_Technology_2026,,,Yes,,2026-02-19T15:27:56.958358
6l6qekh9qz,DV Trading,2026 Summer Internship - Software Development,summer-internships,['Software Engineering'],2026,UK,UK,2025-08-02T00:00:00.000Z,,https://job-boards.greenhouse.io/dvtrading/jobs/4592920005?utm_source=Trackr&utm_medium=tracker&utm_campaign=UK_Technology_2026&gh_src=Trackr,,,Yes,,2026-02-19T15:27:56.958402
70enj3p6o2,Roku,Software Engineer Intern,summer-internships,['Software Engineering'],2026,UK,UK,2026-01-21T00:00:00.000Z,,https://www.weareroku.com/jobs/search?page=1&country_codes%5B%5D=GB&string_field_1%5B%5D=Internships&query=%22Software+Engineer+Intern%22&utm_source=Trackr&utm_medium=tracker&utm_campaign=UK_Technology_2026,,,Yes,,2026-02-19T15:27:56.958464
736z0iivzu,Nannie,AI Startup Internship,summer-internships,['Startups'],2026,UK,UK,2026-03-10T00:00:00.000Z,,https://www.linkedin.com/jobs/view/4383727249?utm_source=Trackr&utm_medium=tracker&utm_campaign=UK_Technology_2026,,,Yes,,2026-03-16T07:08:40.015078
77d5lxi2ws,Waters Corporation,Software Engineering Summer Intern,summer-internships,['Software Engineering'],2026,UK,UK,2026-03-13T00:00:00.000Z,2026-03-27T00:00:00.000Z,https://internationalcareers-waters.icims.com/jobs/25672/software-engineering-summer-intern/job?utm_source=Trackr&utm_medium=tracker&utm_campaign=UK_Technology_2026&iis=Trackr,,,Yes,,2026-03-16T07:08:40.015089
78m3bgm4a4,MUFG,2026 Summer Internship Programme: Technology,summer-internships,['Software Engineering'],2026,UK,UK,2026-03-04T00:00:00.000Z,2026-03-29T00:00:00.000Z,https://mufgub.wd3.myworkdayjobs.com/en-US/MUFG-EarlyCareers/details/XMLNAME-2026-MUFG-UK-Summer-Internship-Programme--Technology-Business-Support_10075451-WD?utm_source=Trackr&utm_medium=tracker&utm_campaign=UK_Technology_2026&source=Trackr&q=%22summer+internship+programme%3A+technology%22&Country=29247e57dbaf46fb855b224e03170bc7,,,Yes,,2026-02-19T15:27:56.958549
892gng8q1r,Keysight,Software Engineering Internship,summer-internships,['Software Engineering'],2026,UK,UK,2026-02-11T00:00:00.000Z,,https://jobs.keysight.com/external/jobs/51459?lang=en-us&utm_source=Trackr&utm_medium=tracker&utm_campaign=UK_Technology_2026,,,Yes,,2026-02-19T15:27:56.958765
8qwurl367w,Baker Hughes,Emerging Talent – Digital Technology Intern 2026,summer-internships,['Software Engineering'],2026,UK,UK,2026-01-09T00:00:00.000Z,,https://bakerhughes.wd5.myworkdayjobs.com/en-US/BakerHughes/jobs?q=%27emerging+talent+-+digital+technology%27&locationHierarchy1=29247e57dbaf46fb855b224e03170bc7&utm_source=Trackr&utm_medium=tracker&utm_campaign=UK_Technology_2026&source=Trackr,,,Yes,,2026-02-19T15:27:56.958846
9ktzuiumme,Google,"Student Researcher, 2026",summer-internships,['FAANG+'],2026,UK,UK,2026-01-27T00:00:00.000Z,,https://www.google.com/about/careers/applications/jobs/results/93865849051325126-student-researcher?utm_source=Trackr&utm_medium=tracker&utm_campaign=UK_Technology_2026,,,Yes,,2026-02-19T15:27:56.959036
9l7628c1a9,Salesforce,2026 Software Engineering Intern (Dublin),summer-internships,['Software Engineering'],2026,UK,UK,2026-01-23T00:00:00.000Z,,https://salesforce.wd12.myworkdayjobs.com/en-US/External_Career_Site/job/Ireland---Dublin/Summer-2026-Intern---Software-Engineering_JR326900-1?workerSubType=3a910852b2c31010f48d2cefdccd0000&utm_source=Trackr&utm_medium=tracker&utm_campaign=UK_Technology_2026&source=Trackr,,,Yes,,2026-02-19T15:27:56.959056
9ov4yjxh76,MathWorks,Software Development Internship,summer-internships,['Software Engineering'],2026,UK,UK,2025-09-26T00:00:00.000Z,,https://uk.mathworks.com/company/jobs/opportunities/25611-multiple-openings-software-development-internship?utm_source=Trackr&utm_medium=tracker&utm_campaign=UK_Technology_2026,,,Yes,,2026-02-19T15:27:56.959095
9tz0qnyb53,Qualcomm,FY26 Intern - Software Engineer,summer-internships,['Software Engineering'],2026,UK,UK,2025-10-20T00:00:00.000Z,,https://app.eightfold.ai/careers?utm_source=Trackr&utm_medium=tracker&utm_campaign=UK_Technology_2026&query=software&location=united+kingdom&seniority=Intern&pid=446715016690&domain=qualcomm.com&sort_by=relevance&triggerGoButton=true,,,Yes,,2026-02-19T15:27:56.959228
9ypdt702n3,Moloco,Machine Learning Engineer Intern,summer-internships,['AI and Machine Learning'],2026,UK,UK,2025-12-12T00:00:00.000Z,,https://job-boards.greenhouse.io/moloco/jobs/7559005003?utm_source=Trackr&utm_medium=tracker&utm_campaign=UK_Technology_2026&gh_src=Trackr,,,Yes,,2026-02-19T15:27:56.959269
aea1onnc14,GSK,GSK Summer Internships 2026,summer-internships,['Miscellaneous'],2026,UK,UK,2026-03-06T00:00:00.000Z,,https://www.srgtalent.com/jobs/147499-GSK-Summer-Internships-England-UK---2026?utm_source=Trackr&utm_medium=tracker&utm_campaign=UK_Technology_2026,,,Yes,,2026-03-08T13:19:30.265100
ah1ki4lcbx,Cloudflare,Security Engineer Intern,summer-internships,['Cyber Security'],2026,UK,UK,2026-02-04T00:00:00.000Z,,https://job-boards.greenhouse.io/cloudflare/jobs/7582169?utm_source=Trackr&utm_medium=tracker&utm_campaign=UK_Technology_2026&gh_src=Trackr,,,Yes,,2026-02-19T15:27:56.959449
airf822tkv,Mastercard,"Software Engineering Intern, Summer 2026",summer-internships,['Software Engineering'],2026,UK,UK,2026-01-29T00:00:00.000Z,,https://careers.mastercard.com/us/en/job/MASRUSR257380EXTERNALENUS/R-257373-Software-Engineer-Intern-Summer-2026-London-UK?utm_source=Trackr&utm_medium=tracker&utm_campaign=UK_Technology_2026,,,Yes,,2026-02-19T15:27:56.959478
anvcwv9tgd,Deliveroo,Machine Learning Intern,summer-internships,['AI and Machine Learning'],2026,UK,UK,2026-03-06T00:00:00.000Z,,https://jobs.ashbyhq.com/deliveroo/09e09801-1f6b-4281-968e-e4a9f1f9c6a6?utm_source=Trackr&utm_medium=tracker&utm_campaign=UK_Technology_2026,,,Yes,,2026-03-08T13:19:30.265239
c89z27j025,Bending Spoons,"Software Engineer, Intern",summer-internships,['Software Engineering'],2026,UK,UK,2025-05-02T00:00:00.000Z,,https://jobs.bendingspoons.com/?contractType=internship&utm_source=Trackr&utm_medium=tracker&utm_campaign=UK_Technology_2026,,,Yes,,2026-02-19T15:27:56.959806
cd48xha4qc,Qube RT,2026 Internship - Software Engineering,summer-internships,['Software Engineering'],2026,UK,UK,2025-09-25T00:00:00.000Z,,https://www.qube-rt.com/careers/?location=&sector=Technology&experience=Students+and+New+Grads&utm_source=Trackr&utm_medium=tracker&utm_campaign=UK_Technology_2026,,,Yes,,2026-02-19T15:27:56.959825
d4we593cj1,Talos,"Software Engineer Intern, Backend, Trading",summer-internships,['Quant Developer'],2026,UK,UK,2025-12-19T00:00:00.000Z,,https://jobs.ashbyhq.com/Talos-Trading/f2b1c5af-ed8d-4759-98f4-76f656d83a52?utm_source=Trackr&utm_medium=tracker&utm_campaign=UK_Technology_2026,,,Yes,,2026-02-19T15:27:56.959990
eosj8qz726,Runna,Data Engineer Intern,summer-internships,['Data Science'],2026,UK,UK,2026-03-06T00:00:00.000Z,2026-04-01T00:00:00.000Z,https://jobs.ashbyhq.com/runna/a79b63cb-4a04-4f5c-ba2a-87a9ff6811e8?utm_source=Trackr&utm_medium=tracker&utm_campaign=UK_Technology_2026,,,Yes,,2026-03-06T15:06:13.894327
eynaojkgpg,UserTesting,Software Engineer Intern,summer-internships,['Software Engineering'],2026,UK,UK,2026-03-02T00:00:00.000Z,,https://usertesting.wd12.myworkdayjobs.com/UserTesting/job/Edinburgh/Software-Engineer-Intern_R-101153-1?utm_source=Trackr&utm_medium=tracker&utm_campaign=UK_Technology_2026&source=Trackr,,,Yes,,2026-03-05T17:30:09.006608
fixry8dhpv,SPAICE,Computer Vision Engineer Intern,summer-internships,['Software Engineering'],2026,UK,UK,2025-11-11T00:00:00.000Z,,https://jobs.ashbyhq.com/spaice-tech/e3f67cc8-c383-478a-89dc-bd535605cd9b?utm_source=Trackr&utm_medium=tracker&utm_campaign=UK_Technology_2026,,,Yes,,2026-02-19T15:27:56.960200
frajgfopue,Cloudflare,Software Engineer - Intern (Summer 2026),summer-internships,['Software Engineering'],2026,UK,UK,2025-10-17T00:00:00.000Z,,https://job-boards.greenhouse.io/cloudflare/jobs/7296923?gh_jid=7296923&utm_source=Trackr&utm_medium=tracker&utm_campaign=UK_Technology_2026&gh_src=Trackr,,,Yes,,2026-02-19T15:27:56.960232
frm9ak8ton,Moloco,Data Science Intern,summer-internships,['Data Science'],2026,UK,UK,2025-12-12T00:00:00.000Z,,https://job-boards.greenhouse.io/moloco/jobs/7547608003?utm_source=Trackr&utm_medium=tracker&utm_campaign=UK_Technology_2026&gh_src=Trackr,,,Yes,,2026-02-19T15:27:56.960244
hb1zqm04gy,MongoDB,"2026 - Security Intern, Dublin",summer-internships,['Cyber Security'],2026,UK,UK,2026-01-27T00:00:00.000Z,,https://www.mongodb.com/careers/jobs/7375639,,,Yes,,2026-02-19T15:27:56.960383
hkymagx9fz,Motorola Solutions,Software Engineering Internship,summer-internships,['Software Engineering'],2026,UK,UK,2026-02-27T00:00:00.000Z,,https://motorolasolutions.wd5.myworkdayjobs.com/en-US/Careers/job/Glasgow-UK-ZUK118/Software-Engineering-Internship_R62644?utm_source=Trackr&utm_medium=tracker&utm_campaign=UK_Technology_2026&source=Trackr,,,Yes,,2026-03-05T17:30:09.006857
i72n41ud63,Amazon,2026 Software Dev Engineer Intern,summer-internships,"['Software Engineering', 'FAANG+']",2026,UK,UK,2025-10-21T00:00:00.000Z,,https://www.amazon.jobs/en/jobs/3072061/2026-software-dev-engineer-intern?utm_source=Trackr&utm_medium=tracker&utm_campaign=UK_Technology_2026,,,Yes,,2026-02-19T15:27:56.960488
inxqb9bvoq,Blockchain.com,Software Engineer Intern (6 months),summer-internships,['Software Engineering'],2026,UK,UK,2026-01-29T00:00:00.000Z,,https://www.linkedin.com/jobs/search/?utm_source=Trackr&utm_medium=tracker&utm_campaign=UK_Technology_2026&currentJobId=4367336298&f_C=3605159&f_E=1&f_PP=100495523&geoId=92000000&origin=JOB_SEARCH_PAGE_JOB_FILTER&sortBy=R,,,Yes,,2026-02-19T15:27:56.960536
jfka74yyhg,Leonardo,Summer Placement Software Engineer,summer-internships,['Software Engineering'],2026,UK,UK,2025-10-20T00:00:00.000Z,,https://careers.uk.leonardo.com/gb/en/search-results?keywords=%22summer+placement+software+engineer%22&utm_source=Trackr&utm_medium=tracker&utm_campaign=UK_Technology_2026,,,Yes,,2026-02-19T15:27:56.960642
jhqdwfmh1s,Palantir,"Software Engineer, Internship",summer-internships,['Software Engineering'],2026,UK,UK,2025-08-01T00:00:00.000Z,,https://jobs.lever.co/palantir?utm_source=Trackr&utm_medium=tracker&utm_campaign=UK_Technology_2026&lever-source=Trackr&commitment=Internship&location=London%2C+United+Kingdom,,,Yes,,2026-02-19T15:27:56.960654
jztai2yg5y,Marshall Wace,Technology Intern - 2026,summer-internships,['Software Engineering'],2026,UK,UK,2025-08-28T00:00:00.000Z,,https://job-boards.greenhouse.io/mwinternshipprogram/jobs/7998360002?utm_source=Trackr&utm_medium=tracker&utm_campaign=UK_Technology_2026&gh_src=Trackr,,,Yes,,2026-02-19T15:27:56.960689
k1dbvmi04k,IMC Trading,Software Engineer Intern (2026),summer-internships,['Quant Developer'],2026,UK,UK,2025-08-28T00:00:00.000Z,,https://job-boards.eu.greenhouse.io/imc?departments%5B%5D=4023812101&offices%5B%5D=4012436101&keyword=intern&utm_source=Trackr&utm_medium=tracker&utm_campaign=UK_Technology_2026&gh_src=Trackr,,,Yes,,2026-02-19T15:27:56.960701
kwil61xbll,Citadel,Software Engineer - Intern (Europe),summer-internships,['Software Engineering'],2026,UK,UK,2025-08-12T00:00:00.000Z,,https://www.citadel.com/careers/details/software-engineer-intern-europe/?utm_source=Trackr&utm_medium=tracker&utm_campaign=UK_Technology_2026,,,Yes,,2026-02-19T15:27:56.960773
l31hskc9vn,NatWest Markets,Engineering - Internship,summer-internships,['Software Engineering'],2026,UK,UK,2025-09-24T00:00:00.000Z,,https://rbs.wd3.myworkdayjobs.com/en-US/RBS/jobs?jobFamilyGroup=fd2c157204cd017f69bbe493c30c681d&jobFamilyGroup=fd2c157204cd01ca4684e693c30c701d&workerSubType=fd2c157204cd01c1e4c39a94be0cba09&utm_source=Trackr&utm_medium=tracker&utm_campaign=UK_Technology_2026&source=Trackr,,,Yes,,2026-02-19T15:27:56.960797
m6kueg5lyx,Jane Street,Software Engineer Internship,summer-internships,['Quant Developer'],2026,UK,UK,2025-08-04T00:00:00.000Z,,https://www.janestreet.com/join-jane-street/open-roles/?type=students-and-new-grads&location=london&department=technology&duration=june-september&utm_source=Trackr&utm_medium=tracker&utm_campaign=UK_Technology_2026,,,Yes,,2026-02-19T15:27:56.960912
mqbs0l3tt5,Runna,"Software Engineering Intern, App",summer-internships,['Software Engineering'],2026,UK,UK,2026-03-06T00:00:00.000Z,2026-04-02T00:00:00.000Z,https://jobs.ashbyhq.com/runna/0be60bb2-d632-4321-a2b1-7bbcbe183b28?utm_source=Trackr&utm_medium=tracker&utm_campaign=UK_Technology_2026,,,Yes,,2026-03-06T15:06:13.894747
nq5h1b0rpm,Udemy,"Software Engineer Intern, Dublin",summer-internships,['Software Engineering'],2026,UK,UK,2026-03-01T00:00:00.000Z,,https://app.careerpuck.com/job-board/udemy/job/5809838004?gh_jid=5809838004&utm_source=Trackr&utm_medium=tracker&utm_campaign=UK_Technology_2026&gh_src=Trackr,,,Yes,,2026-03-05T17:30:09.007415
nq8fzv5cxz,Red Bull,Field Data Intern,summer-internships,['Data Science'],2026,UK,UK,2026-03-02T00:00:00.000Z,2026-03-29T00:00:00.000Z,https://jobs.redbull.com/int-en/london-field-data-intern-ref28510q?utm_source=Trackr&utm_medium=tracker&utm_campaign=UK_Technology_2026,,,Yes,,2026-03-05T17:30:09.007445
o5t46wvmid,Squarespace,Software Engineering Intern - Summer 2026 (Dublin),summer-internships,['Software Engineering'],2026,UK,UK,2026-02-04T00:00:00.000Z,,https://www.squarespace.com/careers/jobs/7589065?utm_source=Trackr&utm_medium=tracker&utm_campaign=UK_Technology_2026,,,Yes,,2026-02-19T15:27:56.961065
o9mdhv1ztw,Clear-Com, Software Engineering Intern,summer-internships,['Software Engineering'],2026,UK,UK,2026-01-16T00:00:00.000Z,,https://hmeukg.rec.pro.ukg.net/HME1500HMEN/JobBoard/616b8ff0-9933-405d-9892-26f121d3a657/OpportunityDetail?opportunityId=f9a54817-2402-4b82-8057-3d0c17b7a258&utm_source=Trackr&utm_medium=tracker&utm_campaign=UK_Technology_2026,,,Yes,,2026-02-19T15:27:56.961077
oo5f8sq8xv,Deliveroo,Software Engineer Intern,summer-internships,['Software Engineering'],2026,UK,UK,2026-02-26T00:00:00.000Z,,https://jobs.ashbyhq.com/deliveroo/3e0440a9-7abc-45b0-8520-d3e13083d0f3?utm_source=Trackr&utm_medium=tracker&utm_campaign=UK_Technology_2026,,,Yes,,2026-03-05T17:30:09.007646
p3dmj4q7kr,Legal & General,Data Internship 2026,summer-internships,['Data Science'],2026,UK,UK,2026-03-13T00:00:00.000Z,,https://jobs.smartrecruiters.com/LegalAndGeneral/744000114718136-intern-data-programme-london-2026?utm_source=Trackr&utm_medium=tracker&utm_campaign=UK_Technology_2026&trid=Trackr&dcr_ci=Trackr,,,Yes,,2026-03-16T07:08:40.015769
p3rlwd6jpc,Figma,"Software Engineer Intern, Developer Tools (2026)",summer-internships,['Software Engineering'],2026,UK,UK,2025-09-08T00:00:00.000Z,,https://job-boards.greenhouse.io/figma/jobs/5621177004?utm_source=Trackr&utm_medium=tracker&utm_campaign=UK_Technology_2026&gh_src=Trackr&gh_jid=5621177004,,,Yes,,2026-02-19T15:27:56.961223
pcp19r2okz,Houlihan Lokey,"IT Governance, Risk & Cybersecurity Internship - Summer 2026",summer-internships,"['IT', 'Cyber Security']",2026,UK,UK,2026-02-04T00:00:00.000Z,,https://hl.wd1.myworkdayjobs.com/Corporate/job/London-UK/IT-Governance--Risk---Cybersecurity-Internship---Summer-2026_R3025?utm_source=Trackr&utm_medium=tracker&utm_campaign=UK_Technology_2026&source=Trackr,,,Yes,,2026-02-19T15:27:56.961254
piltkoa6zy,Wincent,Engineers – Internship 2026,summer-internships,"['Quant Developer', 'Sponsors']",2026,UK,UK,2026-02-26T00:00:00.000Z,,https://www.wincent.com/careers/engineers-internship-2026?utm_source=Trackr&utm_medium=tracker&utm_campaign=UK_Technology_2026,,,Yes,,2026-03-05T17:30:09.007826
pjy3lqkqty,Mastercard,"Intern, Technology Risk Management",summer-internships,['IT'],2026,UK,UK,2026-01-27T00:00:00.000Z,,https://careers.mastercard.com/us/en/job/MASRUSR256653EXTERNALENUS/Intern-Technology-Risk-Management?utm_source=Trackr&utm_medium=tracker&utm_campaign=UK_Technology_2026,,,Yes,,2026-02-19T15:27:56.961266
q6m66i9jjf,American Express,Campus - Technology Operations Engineering Intern,summer-internships,['DevOps and Infrastructure'],2026,UK,UK,2026-01-29T00:00:00.000Z,,https://aexp.eightfold.ai/careers/job/39765754?utm_source=Trackr&utm_medium=tracker&utm_campaign=UK_Technology_2026,,,Yes,,2026-02-19T15:27:56.961356
qwpq723qcy,Squarepoint Capital,Intern Software Development - Summer 2026,summer-internships,['Software Engineering'],2026,UK,UK,2025-12-04T00:00:00.000Z,,https://www.squarepoint-capital.com/open-opportunities?id=7231006&gh_jid=7231006&utm_source=Trackr&utm_medium=tracker&utm_campaign=UK_Technology_2026&gh_src=Trackr,,,Yes,,2026-02-19T15:27:56.961484
qyxl4sc4sq,TE Connectivity,Software Engineer Intern,summer-internships,['Software Engineering'],2026,UK,UK,2026-03-11T00:00:00.000Z,,https://careers.te.com/job/SOFTWARE-ENGINEER-INTERN/149133-en_US?utm_source=Trackr&utm_medium=tracker&utm_campaign=UK_Technology_2026,,,Yes,,2026-02-19T15:27:56.961508
rrc0rpnu9u,Convergent,Software Engineer Intern,summer-internships,['Software Engineering'],2026,UK,UK,2026-01-19T00:00:00.000Z,,https://www.linkedin.com/jobs/view/4364084347/?utm_source=Trackr&utm_medium=tracker&utm_campaign=UK_Technology_2026,,,Yes,,2026-02-19T15:27:56.961588
so0cr03lwa,eSourcing Data,Software Development Intern (Summer),summer-internships,['Software Engineering'],2026,UK,UK,2026-03-02T00:00:00.000Z,,https://www.linkedin.com/jobs/view/4377380349?utm_source=Trackr&utm_medium=tracker&utm_campaign=UK_Technology_2026,,,No,,2026-03-05T17:30:09.008517
sphi8670ha,NCR Atleos,Software Internship - Summer 2026 (12 Weeks),summer-internships,['Software Engineering'],2026,UK,UK,2025-10-06T00:00:00.000Z,,https://ncratleos.wd1.myworkdayjobs.com/en-US/ext_non_usalteos/details/Software-Internship---Summer-2026--12-Weeks-_R1150348?utm_source=Trackr&utm_medium=tracker&utm_campaign=UK_Technology_2026&source=Trackr&q=%27internship%27&Location_Country=29247e57dbaf46fb855b224e03170bc7&workerSubType=7faba66820ac107220437a0217412090,,,Yes,,2026-02-19T15:27:56.961687
swfqp09awx,Hiscox,2026 Summer Intern,summer-internships,"['Software Engineering', 'Data Science']",2026,UK,UK,2026-03-18T00:00:00.000Z,,https://hiscox.wd3.myworkdayjobs.com/en-US/Hiscox_External_Site/jobs?q=data&workerSubType=c56dbe26655f109123eba640f6d1a3b0&utm_source=Trackr&utm_medium=tracker&utm_campaign=UK_Technology_2026&source=Trackr,,,Yes,,2026-03-19T06:50:55.191411
tiqilwm3de,S&P Global,Data Engineer Summer Intern,summer-internships,['Data Science'],2026,UK,UK,2026-01-27T00:00:00.000Z,,https://careers.spglobal.com/jobs?keywords=Data%20Intern&location=United%20Kingdom&stretch=10&stretchUnit=MILES&sortBy=relevance&page=1,,,Yes,,2026-02-19T15:27:56.961826
tkfdhh6icq,Point72,"2026 Summer Internship – Data Engineer, Long/Short Equities",summer-internships,['Data Science'],2026,UK,UK,2025-09-24T00:00:00.000Z,,https://job-boards.greenhouse.io/point72/jobs/8183047002?gh_jid=8183047002&utm_source=Trackr&utm_medium=tracker&utm_campaign=UK_Technology_2026&gh_src=Trackr,,,Yes,,2026-02-19T15:27:56.961839
uo0yhypm9l,Arctic Lake,Software Engineer Intern,summer-internships,['Software Engineering'],2026,UK,UK,2026-02-20T00:00:00.000Z,,https://arcticlake.com/careers/software-engineer-intern?utm_source=Trackr&utm_medium=tracker&utm_campaign=UK_Technology_2026,,,Yes,,2026-03-05T17:30:09.009072
wgaeplnaj7,Parexel,AI Summer Intern ,summer-internships,['AI and Machine Learning'],2026,UK,UK,2026-03-03T00:00:00.000Z,,https://jobs.parexel.com/en/job/-/-/877/92302418528?utm_source=Trackr&utm_medium=tracker&utm_campaign=UK_Technology_2026,,,Yes,,2026-03-05T17:30:09.009300
xy8143v0l5,British Business Bank,Summer Internship Programme 2026,summer-internships,['Miscellaneous'],2026,UK,UK,2026-02-04T00:00:00.000Z,,https://careers.british-business-bank.co.uk/postings/c69ec891-a982-4c09-8ef6-b44927055fb8?utm_source=Trackr&utm_medium=tracker&utm_campaign=UK_Technology_2026,,,Yes,,2026-02-19T15:27:56.962228
xzvnnd00g9,Cboe Global Markets,Intern - DPE (Data Pipeline Engineering),summer-internships,['Data Science'],2026,UK,UK,2026-03-06T00:00:00.000Z,,https://careers.cboe.com/us/en/job/CBJCGMUSR4323EXTERNALENUS/Intern-DPE?utm_source=Trackr&utm_medium=tracker&utm_campaign=UK_Technology_2026,,,Yes,,2026-03-08T13:19:30.269295
y7sqfvcfbt,Aize,Software Engineering Intern,summer-internships,['Software Engineering'],2026,UK,UK,2026-02-27T00:00:00.000Z,,https://careers.aize.io/jobs/7307109-software-engineering-intern?utm_source=Trackr&utm_medium=tracker&utm_campaign=UK_Technology_2026,,,Yes,,2026-03-05T17:30:09.009560
z32aktj60a,Tencent,Various Tech Internships,summer-internships,['Software Engineering'],2026,UK,UK,2025-09-15T00:00:00.000Z,,https://tencent.wd1.myworkdayjobs.com/en-US/Tencent_Careers/jobs?utm_source=Trackr&utm_medium=tracker&utm_campaign=UK_Technology_2026&source=Trackr&locations=b3d4dad114e4100177c1f65eefa30000&workerSubType=b32f1ee18078012df7b19ebd5d8f0002,,,Yes,,2026-02-19T15:27:56.962354
16a8uy7o7l,Acturis,2026 Industrial Placement Programme,industrial-placements,['Software Engineering'],2026,UK,UK,2026-03-10T00:00:00.000Z,,https://app.the-trackr.com/programme/acturis-industrial-placement?utm_source=Trackr&utm_medium=tracker&utm_campaign=UK_Technology_2026,,,Yes,,2026-03-16T07:08:42.866765
1bwjo10ae1,Electronic Arts,Software Engineer Intern (Physics),industrial-placements,['Software Engineering'],2026,UK,UK,2026-02-16T00:00:00.000Z,,https://jobs.ea.com/en_US/careers/JobDetail/Software-Engineer-Intern-Physics/211103?utm_source=Trackr&utm_medium=tracker&utm_campaign=UK_Technology_2026,,,Yes,,2026-02-19T15:28:01.354914
49zvbzilax,Hubspot,Software Engineer Industrial Placement Program,industrial-placements,['Software Engineering'],2026,UK,UK,2025-10-05T00:00:00.000Z,,https://www.hubspot.com/careers/jobs/7283239?gh_jid=7283239&gh_src=240b46771,,,Yes,,2026-02-19T15:28:01.355358
4jwgepjmbg,Agilent,Data Scientist Internship - 12-month Placement,industrial-placements,['Data Science'],2026,UK,UK,2026-01-27T00:00:00.000Z,,https://agilent.wd5.myworkdayjobs.com/en-GB/Agilent_Student_Careers/job/UK-Harwell/Data-Scientist-Internship---12-month-Placement_4032035?utm_source=Trackr&utm_medium=tracker&utm_campaign=UK_Technology_2026&source=Trackr,,,Yes,,2026-02-19T15:28:01.355392
4r26wqtq4o,Crux,Placement Embedded Software & Electronics Engineer,industrial-placements,['Software Engineering'],2026,UK,UK,2025-10-13T00:00:00.000Z,,https://careers.cruxproductdesign.com/jobs/6494614-placement-embedded-software-electronics-engineer/c6883ce5-a0c4-4fa5-8bd3-9c2278822839?utm_source=Trackr&utm_medium=tracker&utm_campaign=UK_Technology_2026,,,Yes,,2026-02-19T15:28:01.355423
4r8dj0azow,Visa,Software Engineer - 12 Months Placement Student,industrial-placements,['Software Engineering'],2026,UK,UK,2025-09-05T00:00:00.000Z,,https://jobs.smartrecruiters.com/Visa/744000079700025-software-engineer-12-months-placement-student?trid=Trackr&utm_source=Trackr&utm_medium=tracker&utm_campaign=UK_Technology_2026&dcr_ci=Trackr,,,Yes,,2026-02-19T15:28:01.355442
606qz4gxgd,Apollo Fire Detectors,Student Software Engineer,industrial-placements,['Software Engineering'],2026,UK,UK,2026-02-13T00:00:00.000Z,,https://halma.wd3.myworkdayjobs.com/en-US/Halma/job/Student-Software-Engineer_JR26_000009?utm_source=Trackr&utm_medium=tracker&utm_campaign=UK_Technology_2026&source=Trackr,,,Yes,,2026-02-19T15:28:01.355474
6mqa8amik4,Bending Spoons,"Software engineer, industry placement",industrial-placements,['Software Engineering'],2026,UK,UK,2025-09-09T00:00:00.000Z,,https://jobs.bendingspoons.com/positions/68938bb4ae29d1a6e457f050?utm_medium=tracker&utm_source=Trackr&utm_campaign=UK_Technology_2026,,,Yes,,2026-02-19T15:28:01.355539
790ws0m0v0,PayPal,Cybersecurity Risk Intern,industrial-placements,['Cyber Security'],2026,UK,UK,2026-02-16T00:00:00.000Z,,https://paypal.eightfold.ai/careers/job/274915730553?domain=paypal.com&hl=en&utm_source=Trackr&utm_medium=tracker&utm_campaign=UK_Technology_2026,,,Yes,,2026-02-19T15:28:01.355612
9kxf3dw0l7,Agilent,Software Engineer Internship - 12-month Industrial Placement,industrial-placements,['Software Engineering'],2026,UK,UK,2026-01-27T00:00:00.000Z,,https://agilent.wd5.myworkdayjobs.com/en-GB/Agilent_Student_Careers/job/UK-Harwell/Software-Engineer--Internship----12-month-Industrial-Placement_4035148/?source=Trackr&utm_source=Trackr&utm_medium=tracker&utm_campaign=UK_Technology_2026,,,Yes,,2026-02-19T15:28:01.355721
a45yxc6xnv,KEYENCE,IT Placement - July 2026,industrial-placements,['IT'],2026,UK,UK,2025-11-24T00:00:00.000Z,,https://www.talent.keyence.com/applyuk/s/?source=Trackr&type=all,,,Yes,,2026-02-19T15:28:01.355757
az6g1vz280,Kadence,Intern Software Engineer (Placement),industrial-placements,['Software Engineering'],2026,UK,UK,2025-09-28T00:00:00.000Z,,https://careers.kadence.co/jobs/6514850-intern-software-engineer-placement?utm_source=Trackr&utm_medium=tracker&utm_campaign=UK_Technology_2026,,,Yes,,2026-02-19T15:28:01.355866
bfv2h0iwo8,Leonardo,Industrial Placement Software Engineer,industrial-placements,['Software Engineering'],2026,UK,UK,2025-10-20T00:00:00.000Z,,https://careers.uk.leonardo.com/gb/en/search-results?keywords=industrial+placement+software+engineer&utm_source=Trackr&utm_medium=tracker&utm_campaign=UK_Technology_2026,,,Yes,,2026-02-19T15:28:01.355912
c0prfgrgy7,Airbus,Cyber Security Research Placement (12.5 months),industrial-placements,['Cyber Security'],2026,UK,UK,2026-02-16T00:00:00.000Z,,https://ag.wd3.myworkdayjobs.com/Airbus/job/Newport/Cyber-Security-Research-Placement--125-months-_JR10343940?utm_source=Trackr&utm_medium=tracker&utm_campaign=UK_Technology_2026&source=Trackr,,,Yes,,2026-02-19T15:28:01.355924
c9m1pfy4cd,Isembard,Placement Student (Engineering/Software),industrial-placements,['Software Engineering'],2026,UK,UK,2026-03-10T00:00:00.000Z,,,,,Yes,,2026-03-16T07:08:42.867040
cc6carqq80,P&G,Software Development Industrial Placement 2026,industrial-placements,['Software Engineering'],2026,UK,UK,2026-03-12T00:00:00.000Z,2026-04-03T00:00:00.000Z,https://pg.wd5.myworkdayjobs.com/en-GB/1000/jobs/details/Software-Development-Industrial-Placement-2026_R000147514?q=%22industrial+placement%22&locationCountry=29247e57dbaf46fb855b224e03170bc7&utm_source=Trackr&utm_medium=tracker&utm_campaign=UK_Technology_2026&source=Trackr,,,Yes,,2026-03-16T07:08:42.867112
chb7ypb11h,Expedera,13-Month Fixed-Term Placement - Software,industrial-placements,['Software Engineering'],2026,UK,UK,2025-12-01T00:00:00.000Z,,https://www.gradcracker.com/hub/1270/expedera/work-placement-internship/77926/13-month-fixed-term-placement-software?utm_source=Trackr&utm_medium=tracker&utm_campaign=UK_Technology_2026,,,Yes,,2026-02-19T15:28:01.355947
dteg7j9ssq,TPP,Technical Engineer Placement Year,industrial-placements,['Software Engineering'],2026,UK,UK,2025-09-04T00:00:00.000Z,,https://tpp-careers.com/roles/technical-engineer-placement-year/?utm_source=Trackr&utm_medium=tracker&utm_campaign=UK_Technology_2026,,,No,,2026-02-19T15:28:01.356034
el2w5s6e39,Autodesk,"Intern, Software Engineer (C++/.NET) - 12 months",industrial-placements,['Software Engineering'],2026,UK,UK,2026-02-06T00:00:00.000Z,,https://autodesk.wd1.myworkdayjobs.com/en-US/Ext/details/Intern--Software-Engineer--C---NET----12-months_26WD95016-2?utm_source=Trackr&utm_medium=tracker&utm_campaign=UK_Technology_2026&source=Trackr&src=Trackr&locationCountry=29247e57dbaf46fb855b224e03170bc7&workerSubType=39f5af07b0c54bc588b1a47788da7f81,,,Yes,,2026-02-19T15:28:01.356125
g4976lmljy,Verisk,2026 | Year Long Internship Program | DA Engineer,industrial-placements,['Software Engineering'],2026,UK,UK,2025-10-13T00:00:00.000Z,,https://fa-ewmy-saasfaprod1.fa.ocs.oraclecloud.com/hcmUI/CandidateExperience/en/sites/CX_1/job/1597/?utm_medium=tracker&utm_source=Trackr&utm_campaign=UK_Technology_2026&iis=Trackr&sType=Trackr,,,Yes,,2026-02-19T15:28:01.356212
g9b4w641wy,Nuveen,Cyber Security Summer Intern 2026,industrial-placements,['Cyber Security'],2026,UK,UK,2026-03-09T00:00:00.000Z,,https://tiaa.wd1.myworkdayjobs.com/en-US/Search/job/Nuveen-Cyber-Security-Summer-Intern-2026---based-in-London_R260100372?utm_source=Trackr&utm_medium=tracker&utm_campaign=UK_Technology_2026&source=Trackr,,,Yes,,2026-03-16T07:08:42.867220
jyiyxpn60x,Synopsys,Year in industry - Software Engineering Placement C#,industrial-placements,['Software Engineering'],2026,UK,UK,2026-03-03T00:00:00.000Z,,https://careers.synopsys.com/job/horsham/job-title-intern-year-in-industry-software-engineering-placement-c/44408/91213465920?utm_source=Trackr&utm_medium=tracker&utm_campaign=UK_Technology_2026,,,Yes,,2026-03-05T17:30:12.148775
lpd74yudga,Howdens,IT Placement Programme,industrial-placements,['IT'],2026,UK,UK,2026-03-02T00:00:00.000Z,,https://isw.changeworknow.co.uk/howdens/vms/e/careers/positions/cxDhLxwZ1n94t9gvTmSopf?utm_source=Trackr&utm_medium=tracker&utm_campaign=UK_Technology_2026,,,Yes,,2026-03-05T17:30:12.148846
mlgo8rz0mu,Visa,Software Engineer - 12 Months Placement Student,industrial-placements,['Software Engineering'],2026,UK,UK,2025-10-16T00:00:00.000Z,,https://jobs.smartrecruiters.com/Visa/744000079700025-software-engineer-12-months-placement-student?utm_source=Trackr&utm_medium=tracker&utm_campaign=UK_Technology_2026&trid=Trackr&dcr_ci=Trackr,,,Yes,,2026-02-19T15:28:01.356550
mpugyll47w,HP,Software Engineer Intern,industrial-placements,['Software Engineering'],2026,UK,UK,2026-03-11T00:00:00.000Z,,https://hp.wd5.myworkdayjobs.com/en-US/ExternalCareerSite/details/Browser-Software-Engineer-Intern_3160410-1?utm_source=Trackr&utm_medium=tracker&utm_campaign=UK_Technology_2026&source=Trackr&workerSubType=98cbd30d374e1033353f1fbd0c2452f5&Location_Country=29247e57dbaf46fb855b224e03170bc7,,,Yes,,2026-03-16T07:08:42.867360
mpxtfq1cgf,Mattel,IT Undergraduate Industrial Placement,industrial-placements,['IT'],2026,UK,UK,2026-03-04T00:00:00.000Z,,https://jobs.mattel.com/en/job/slough/it-undergraduate-industrial-placement/2015/91584793440?utm_source=Trackr&utm_medium=tracker&utm_campaign=UK_Technology_2026,,,Yes,,2026-03-05T17:30:12.148908
ntrqpunl86,PCC,IT Technician Placement,industrial-placements,['IT'],2026,UK,UK,2026-02-08T00:00:00.000Z,,https://www.gradcracker.com/hub/183/precision-castparts-corp/work-placement-internship/79229/it-technician-placement?utm_source=Trackr&utm_medium=tracker&utm_campaign=UK_Technology_2026,,,Yes,,2026-02-19T15:28:01.356569
p1g59c5102,TÜV SÜD,Student Placement,industrial-placements,['IT'],2026,UK,UK,2026-03-09T00:00:00.000Z,,https://jobs.tuvsud.com/job/Student-Placement/4023-en_US?utm_source=Trackr&utm_medium=tracker&utm_campaign=UK_Technology_2026,,,Yes,,2026-03-16T07:08:42.867388
q949mnzc5g,Taylor Hobson,Student Placement - Software Engineer,industrial-placements,['Software Engineering'],2026,UK,UK,2025-10-16T00:00:00.000Z,,https://jobs.ametek.com/search/?utm_source=Trackr&utm_medium=tracker&utm_campaign=UK_Technology_2026&createNewAlert=false&q=software&optionsFacetsDD_country=GB&optionsFacetsDD_department=Intern+%26+Apprentice,,,Yes,,2026-02-19T15:28:01.356622
rkvldge0lw,Barracuda,Software Engineering Intern (12 Month Placement),industrial-placements,['Software Engineering'],2026,UK,UK,2026-03-12T00:00:00.000Z,,https://jobs.jobvite.com/careers/barracuda-networks-inc/job/oLWKzfwK/apply?__jvst=tracker&__jvsd=Trackr&utm_source=Trackr&utm_medium=tracker&utm_campaign=UK_Technology_2026,,,Yes,,2026-03-16T07:08:42.867426
sca0jths8i,Sports Interactive,Junior Software Engineer Intern (12-month FTC),industrial-placements,['Software Engineering'],2026,UK,UK,2026-02-10T00:00:00.000Z,,https://sega.wd3.myworkdayjobs.com/SEGA_Careers/job/Greater-London-E15-2GW/Junior-Software-Engineer-Intern--12-month-FTC-_JR100036?utm_source=Trackr&utm_medium=tracker&utm_campaign=UK_Technology_2026&source=Trackr,,,Yes,,2026-02-19T15:28:01.356712
sjxtodk9pf,Oracle,Internship - 12 Months,industrial-placements,['DevOps and Infrastructure'],2026,UK,UK,2026-01-03T00:00:00.000Z,,https://eeho.fa.us2.oraclecloud.com/hcmUI/CandidateExperience/en/sites/jobsearch/jobs?keyword=Internship&location=United+Kingdom&locationId=300000000106863&locationLevel=country&mode=location&utm_source=Trackr&utm_medium=tracker&utm_campaign=UK_Technology_2026&iis=Trackr&sType=Trackr,,,Yes,,2026-02-19T15:28:01.356726
szb1ay14ka,Abbott,Software Engineering Internship - Year in Industry,industrial-placements,['Software Engineering'],2026,UK,UK,2026-02-11T00:00:00.000Z,,https://www.jobs.abbott/us/en/job/ABLAUS31137726ENUSEXTERNAL/Software-Engineering-Internship-Year-in-Industry-placement-Start-summer-2026?utm_source=Trackr&utm_medium=tracker&utm_campaign=UK_Technology_2026,,,Yes,,2026-02-19T15:28:01.356745
trxo8bvsgs,MediaTek,Software Development & AI Internship 2026,industrial-placements,['Software Engineering'],2026,UK,UK,2025-11-07T00:00:00.000Z,,https://careers.mediatek.com/eREC/JobSearch/JobDetail/MUK120250908001?utm_source=Trackr&utm_medium=tracker&utm_campaign=UK_Technology_2026&langKey=en-US,,,Yes,,2026-02-19T15:28:01.356774
uz8o6jvikl,D.E. Shaw,Systems Administrator Industry Placement Year (London),industrial-placements,"['Sponsors', 'IT']",2026,UK,UK,2025-10-21T00:00:00.000Z,,https://www.deshaw.com/careers/systems-administrator-industry-placement-year-london-5651?utm_source=Trackr&utm_medium=tracker&utm_campaign=UK_Technology_2026,,,Yes,,2026-02-19T15:28:01.356788
v8i3si6k4j,Abaco Systems,Software Engineering Intern (12 Months),industrial-placements,['Software Engineering'],2026,UK,UK,2026-01-19T00:00:00.000Z,,https://jobs.ametek.com/search/?utm_source=Trackr&utm_medium=tracker&utm_campaign=UK_Technology_2026&q=Abaco+Systems+Intern&optionsFacetsDD_customfield1=Abaco+Business+Unit&title=Software+Engineering+Intern,,,Yes,,2026-02-19T15:28:01.356795
w03wja3z76,HME,"Software Engineering Intern, 12-month placement",industrial-placements,['Software Engineering'],2026,UK,UK,2026-01-24T00:00:00.000Z,,https://hmeukg.rec.pro.ukg.net/HME1500HMEN/JobBoard/616b8ff0-9933-405d-9892-26f121d3a657/OpportunityDetail?opportunityId=0f7391ad-404b-4605-a33c-a2a9bba48579&source=Trackr&utm_source=Trackr&utm_medium=tracker&utm_campaign=UK_Technology_2026,,,Yes,,2026-02-19T15:28:01.356811
wnsrfs8dzb,Marshall Wace,Technology Placement Year,industrial-placements,['Software Engineering'],2026,UK,UK,2025-09-08T00:00:00.000Z,,https://job-boards.greenhouse.io/mwinternshipprogram/jobs/8159413002?utm_source=Trackr&utm_medium=tracker&utm_campaign=UK_Technology_2026&gh_src=Trackr,,,Yes,,2026-02-19T15:28:01.356875
x9k4ltubh0,SLB,Software Engineer Intern (12 months),industrial-placements,"['DevOps and Infrastructure', 'Software Engineering']",2026,UK,UK,2025-10-04T00:00:00.000Z,,https://careers.slb.com/job-listing#q=%22software%20engineer%22&sortCriteria=%40title%20ascending&f-country-job=United%20Kingdom&f-experiencelevel-job=Intern&cq=%40source%3D%3D%24%22ATS_Jobs_Source%20-%20Prod%22,,,Yes,,2026-02-19T15:28:01.356897
09qgl83ad8,Mastercard,"Software Engineer, Launch Graduate Program 2026",graduate-programmes,['Software Engineering'],2026,UK,UK,2026-01-29T00:00:00.000Z,,https://careers.mastercard.com/us/en/job/MASRUSR257373EXTERNALENUS/Software-Engineering-Launch-Graduate-Program-2026-London-UK?utm_source=Trackr&utm_medium=tracker&utm_campaign=UK_Technology_2026,,,Yes,,2026-02-19T15:28:05.434908
0sx5ko1v0f,Urban Jungle,Software Engineer (Full Stack),graduate-programmes,['Software Engineering'],2026,UK,UK,2026-03-10T00:00:00.000Z,,https://myurbanjungle.com/explore/careers/software-engineer/?utm_source=Trackr&utm_medium=tracker&utm_campaign=UK_Technology_2026,,,Yes,,2026-03-16T07:08:45.685862
17enfp9hi9,Qube RT,2026 - Internship/Graduate,graduate-programmes,"['Quant Developer', 'Software Engineering', 'Data Science', 'DevOps and Infrastructure']",2026,UK,UK,2025-12-30T00:00:00.000Z,,https://www.qube-rt.com/careers/?location=London&sector=Technology&experience=Students%20and%20New%20Grads,,,Yes,,2026-02-19T15:28:05.434969
1faevfvrd2,Palantir,"Software Engineer, New Grad",graduate-programmes,['Software Engineering'],2026,UK,UK,2025-07-31T00:00:00.000Z,,https://jobs.lever.co/palantir?utm_source=Trackr&utm_medium=tracker&utm_campaign=UK_Technology_2026&lever-source=Trackr&location=London%2C+United+Kingdom,,,Yes,,2026-02-19T15:28:05.435004
1z11jbqx8l,Graphcore,2026 Graduate Software Engineer,graduate-programmes,"['Software Engineering', 'DevOps and Infrastructure']",2026,UK,UK,2025-11-04T00:00:00.000Z,,https://job-boards.greenhouse.io/graphcore?utm_source=Trackr&utm_medium=tracker&utm_campaign=UK_Technology_2026&gh_src=Trackr&keyword=%222026+graduate+software+engineer%22,,,Yes,,2026-02-19T15:28:05.435061
283d6wfkza,Cambridge Consultants,Graduate Electronics & Software Engineer (2026 start),graduate-programmes,['Software Engineering'],2026,UK,UK,2025-10-23T00:00:00.000Z,,https://job-boards.eu.greenhouse.io/cambridgeconsultantslimited/jobs/4695172101?utm_source=Trackr&utm_medium=tracker&utm_campaign=UK_Technology_2026&gh_src=Trackr,,,Yes,,2026-02-19T15:28:05.435089
2emgkl2wp0,mthree,Junior Software Developer,graduate-programmes,['Software Engineering'],2026,UK,UK,2026-01-05T00:00:00.000Z,,https://job-boards.greenhouse.io/embed/job_board?for=mthree&offices%5B%5D=4003902006&departments%5B%5D=4007886006&utm_source=Trackr&utm_medium=tracker&utm_campaign=UK_Technology_2026&gh_src=Trackr,,,Yes,,2026-02-19T15:28:05.435100
40k5f8umbh,Bank of England,2026 Graduate Development Programme - Data/Risk,graduate-programmes,['Data Science'],2026,UK,UK,2026-01-26T00:00:00.000Z,,https://eoff.fa.em1.ukg.oraclecloud.com/hcmUI/CandidateExperience/en/sites/CX_3001/jobs?utm_source=Trackr&utm_medium=tracker&utm_campaign=UK_Technology_2026&iis=Trackr&sType=Trackr,,,Yes,,2026-02-19T15:28:05.435161
4f06tevok9,PwC,Graduate - Technology (Data/CyberSec),graduate-programmes,"['Data Science', 'Cyber Security']",2026,UK,UK,2026-01-26T00:00:00.000Z,,https://jobs.pwc.co.uk/earlycareers/uk/en/graduate-technology-and-ai?utm_source=Trackr&utm_medium=tracker&utm_campaign=UK_Technology_2026,,,Yes,,2026-02-19T15:28:05.435194
4rkfr91a84,Konrad,Software Developer (Entry Level),graduate-programmes,['Software Engineering'],2026,UK,UK,2026-03-18T00:00:00.000Z,,https://www.konrad.com/careers/job/software-developer-entry-level_7669159003?utm_source=Trackr&utm_medium=tracker&utm_campaign=UK_Technology_2026,,,Yes,,2026-03-19T06:51:00.587434
58zpuldbxk,RELX,Tech Accelerate Graduate Program - Software Engineer,graduate-programmes,['Software Engineering'],2026,UK,UK,2025-09-01T00:00:00.000Z,,https://relx.wd3.myworkdayjobs.com/en-US/relx/job/UK---London-Bishopsgate/Tech-Accelerate-Graduate-Program---Software-Engineer_R100132-1?q=Graduate&utm_source=Trackr&utm_medium=tracker&utm_campaign=UK_Technology_2026&source=Trackr,,,Yes,,2026-02-19T15:28:05.435289
60d0qcf8q8,Capula Investment Management,Technology Graduate Analyst,graduate-programmes,['Software Engineering'],2026,UK,UK,2026-03-16T00:00:00.000Z,,https://apply.workable.com/capula-investment-management-ltd/j/88F2A24444/?utm_source=Trackr&utm_medium=tracker&utm_campaign=UK_Technology_2026,,,Yes,,2026-03-16T16:55:18.561853
6cknqu8lkv,Titanbay,Software Engineer,graduate-programmes,['Software Engineering'],2026,UK,UK,2025-10-24T00:00:00.000Z,,https://app.screenloop.com/careers/titanbay/job_posts/1435?tab=overview&utm_source=Trackr&utm_medium=tracker&utm_campaign=UK_Technology_2026,,,Yes,,2026-02-19T15:28:05.435347
6ous93is0r,Longshot Systems,Graduate Machine Learning Researcher,graduate-programmes,['AI and Machine Learning'],2026,UK,UK,2026-03-16T00:00:00.000Z,,https://apply.workable.com/longshot-systems-ltd/j/CDC0152ADC/?utm_source=Trackr&utm_medium=tracker&utm_campaign=UK_Technology_2026,,,Yes,,2026-03-16T16:55:18.561936
7dvzjmj1ru,Volcore,Junior Software Engineer 2026,graduate-programmes,['Software Engineering'],2026,UK,UK,2026-03-17T00:00:00.000Z,,https://www.volcore.co.uk/junior-software-engineer-2026?channel=trackr&utm_source=Trackr&utm_medium=tracker&utm_campaign=UK_Technology_2026,,,Yes,,2026-03-18T06:55:20.859235
7eb6nvxpoz,Motorola Solutions,Graduate Software Engineer,graduate-programmes,['Software Engineering'],2026,UK,UK,2025-09-15T00:00:00.000Z,,https://motorolasolutions.wd5.myworkdayjobs.com/Careers?q=graduate+software&timeType=e61d35cf9e484fa080984bec674f16ca&utm_source=Trackr&utm_medium=tracker&utm_campaign=UK_Technology_2026&source=Trackr,,,Yes,,2026-02-19T15:28:05.435469
7s2wbs3d8d,Da Vinci Trading,Graduate Quant Developer,graduate-programmes,['Quant Developer'],2026,UK,UK,2026-01-16T00:00:00.000Z,,https://job-boards.eu.greenhouse.io/davinciderivatives/jobs/4046970101?utm_source=Trackr&utm_medium=tracker&utm_campaign=UK_Technology_2026&gh_src=Trackr,,,Yes,,2026-02-19T15:28:05.435512
8sxdlzp0xf,Xantium,Quantitative Developer,graduate-programmes,['Quant Developer'],2026,UK,UK,2025-07-30T00:00:00.000Z,,https://job-boards.greenhouse.io/xantium/jobs/1543498?utm_source=Trackr&utm_medium=tracker&utm_campaign=UK_Technology_2026&gh_src=Trackr,,,Yes,,2026-02-19T15:28:05.435584
8wesna0vaa,Cambridge Consultants,Graduate AI Engineer (2026 start),graduate-programmes,['AI and Machine Learning'],2026,UK,UK,2026-02-06T00:00:00.000Z,,https://www.cambridgeconsultants.com/jobs/cambridgeconsultantslimited/graduate-ai-engineer-2026-start/?gh_jid=4700402101&utm_source=Trackr&utm_medium=tracker&utm_campaign=UK_Technology_2026&gh_src=Trackr,,,Yes,,2026-02-19T15:28:05.435596
9s1cas6d1j,Lloyds Banking Group,Technology Engineering Graduate Scheme,graduate-programmes,['Software Engineering'],2026,UK,UK,2025-09-22T00:00:00.000Z,,https://lbg.wd3.myworkdayjobs.com/en-US/Graduate_careers/jobs?utm_source=Trackr&utm_medium=tracker&utm_campaign=UK_Technology_2026&source=Trackr&workerSubType=373443f4ecb001adeeb93e0fe411ee0e&jobFamilyGroup=0a3924858bf21012240cdaa61ab60000,,,Yes,,2026-02-19T15:28:05.435639
amrln5mzml,Currys,"Technology, Transformation and AI & Monetisation - Graduate",graduate-programmes,['IT'],2026,UK,UK,2026-01-26T00:00:00.000Z,,https://curryscareers.co.uk/job/London-Technology%2C-Transformation-and-AI-&-Monetisation-Graduate/1287139401/?utm_source=Trackr&utm_medium=tracker&utm_campaign=UK_Technology_2026,,,Yes,,2026-02-19T15:28:05.435885
cgve3y0rdc,Howden,Data Graduate,graduate-programmes,['Data Science'],2026,UK,UK,2026-03-17T00:00:00.000Z,,https://hyperiongrp.wd3.myworkdayjobs.com/en-US/Hyperion_External/job/Data-Graduate_R0016594-1?locationCountry=29247e57dbaf46fb855b224e03170bc7&utm_source=Trackr&utm_medium=tracker&utm_campaign=UK_Technology_2026&source=Trackr,,,Yes,,2026-03-19T06:51:00.587733
cjf1ebcjl2,VINCI Construction,Information Technology Graduate,graduate-programmes,"['IT', 'Cyber Security']",2026,UK,UK,2026-03-16T00:00:00.000Z,,https://www.linkedin.com/jobs/search-results/?currentJobId=4384028321&keywords=%22Information+Technology+Graduate%22&origin=JOB_SEARCH_PAGE_JOB_FILTER&referralSearchId=3R0fUWn4SjU41fOTnhRizA%3D%3D&f_C=3169308&utm_source=Trackr&utm_medium=tracker&utm_campaign=UK_Technology_2026,,,Yes,,2026-03-16T16:55:18.563784
cmxqkf3706,Deliveroo,"Software Engineer, New Grad",graduate-programmes,['Software Engineering'],2026,UK,UK,2026-03-05T00:00:00.000Z,,https://maps.app.goo.gl/EMWW3CCZomK34qyH9?utm_source=Trackr&utm_medium=tracker&utm_campaign=UK_Technology_2026,,,Yes,,2026-03-05T17:30:15.331843
cqalm8i8ui,AlphaSights,Graduate Software Engineer,graduate-programmes,"['Sponsors', 'Software Engineering']",2026,UK,UK,2026-03-16T00:00:00.000Z,,https://grnh.se/5syf9wuy1us,,,Yes,,2026-03-16T16:55:18.563931
d65xrdgd03,Katalyze Data,Graduate Programmer,graduate-programmes,['Software Engineering'],2026,UK,UK,2025-10-06T00:00:00.000Z,,https://forms.monday.com/forms/866dd88706e3c337bd4893b5421fca0b?r=use1&utm_source=Trackr&utm_medium=tracker&utm_campaign=UK_Technology_2026,,,Yes,,2026-02-19T15:28:05.436086
dhraplaw2q,Crédit Agricole,12 Month Internship - Information Security,graduate-programmes,['IT'],2026,UK,UK,2026-02-11T00:00:00.000Z,,https://jobs.ca-cib.com/job/job-12-month-internship-information-security_108627.aspx?utm_source=Trackr&utm_medium=tracker&utm_campaign=UK_Technology_2026,,,Yes,,2026-02-19T15:28:05.436097
e1zb8j91pm,Arctic Lake,Graduate Software Engineer,graduate-programmes,['Software Engineering'],2026,UK,UK,2026-02-20T00:00:00.000Z,,https://arcticlake.com/careers/graduate-software-engineer?utm_source=Trackr&utm_medium=tracker&utm_campaign=UK_Technology_2026,,,Yes,,2026-03-05T17:30:15.331966
ebje461tgo,Leonardo,Graduate Software Engineer,graduate-programmes,['Software Engineering'],2026,UK,UK,2025-10-20T00:00:00.000Z,,https://careers.uk.leonardo.com/gb/en/search-results?keywords=%22graduate+software+engineer%22&p=ChIJsVuv5nwbd0gR_VWhIGn0bAg&location=Silverstone%2C+Towcester%2C+UK&utm_source=Trackr&utm_medium=tracker&utm_campaign=UK_Technology_2026,,,Yes,,2026-02-19T15:28:05.436158
engmwqe1vw,Midsummer Energy,Graduate Web Developer,graduate-programmes,['Software Engineering'],2026,UK,UK,2026-03-09T00:00:00.000Z,,https://midsummerwholesale.co.uk/grad-software-developer?utm_source=Trackr&utm_medium=tracker&utm_campaign=UK_Technology_2026,,,Yes,,2026-03-16T07:08:45.686297
fab2rqq644,KEYENCE,IT Graduate Scheme,graduate-programmes,['IT'],2026,UK,UK,2025-11-24T00:00:00.000Z,,https://www.talent.keyence.com/applyuk/s/?source=Trackr&type=all&utm_source=Trackr&utm_medium=tracker&utm_campaign=UK_Technology_2026,,,Yes,,2026-02-19T15:28:05.436201
fi8fivdlsd,Volcore,Junior Quantitative Developer 2026,graduate-programmes,['Quant Developer'],2026,UK,UK,2026-03-17T00:00:00.000Z,,https://www.volcore.co.uk/junior-quantitative-developer?channel=trackr&utm_source=Trackr&utm_medium=tracker&utm_campaign=UK_Technology_2026,,,Yes,,2026-03-18T06:55:20.859529
g56mddyeyp,Langham Hall,Junior Developer,graduate-programmes,['DevOps and Infrastructure'],2026,UK,UK,2026-02-02T00:00:00.000Z,,https://careers.langhamhall.com/en/postings/276a1988-783a-49e6-b41a-307e7e3dd6f1?utm_source=Trackr&utm_medium=tracker&utm_campaign=UK_Technology_2026,,,Yes,,2026-02-19T15:28:05.436259
gg1g8vx0wl,SPAICE,Computer Vision Engineer,graduate-programmes,['Software Engineering'],2026,UK,UK,2025-11-11T00:00:00.000Z,,https://jobs.ashbyhq.com/spaice-tech/185e5614-1105-48c5-b434-85ff49587615?utm_source=Trackr&utm_medium=tracker&utm_campaign=UK_Technology_2026,,,Yes,,2026-02-19T15:28:05.436292
gglt3wji6n,MongoDB,Software Engineer Graduate,graduate-programmes,['Software Engineering'],2026,UK,UK,2026-02-25T00:00:00.000Z,,https://www.mongodb.com/careers/jobs/7613695?gh_src=Trackr&utm_source=Trackr&utm_medium=tracker&utm_campaign=UK_Technology_2026,,,Yes,,2026-03-05T17:30:15.332163
gjxv8zsfuk,Peregrine,Junior Software Engineer,graduate-programmes,['Software Engineering'],2026,UK,UK,2025-12-19T00:00:00.000Z,,https://rtd.eu-careers.pocketrecruiter.com/details/6943dc885b124e665a88b37d?utm_source=Trackr&utm_medium=tracker&utm_campaign=UK_Technology_2026,,,Yes,,2026-02-19T15:28:05.436303
govlrkcsty,Five Rings,Full Time 2026 - Software Developer,graduate-programmes,['Quant Developer'],2026,UK,UK,2025-07-30T00:00:00.000Z,,https://job-boards.greenhouse.io/fiveringsllc/jobs/4817027008?gh_src=Trackr&utm_source=Trackr&utm_medium=tracker&utm_campaign=UK_Technology_2026,,,Yes,,2026-02-19T15:28:05.436342
gpj3oquug3,Framestore,Junior Cloud Engineer - Launchpad Internship 2026,graduate-programmes,['DevOps and Infrastructure'],2026,UK,UK,2026-02-05T00:00:00.000Z,,https://framestore.recruitee.com/o/cloud-engineer-l26?utm_source=Trackr&utm_medium=tracker&utm_campaign=UK_Technology_2026&source=Trackr,,,Yes,,2026-02-19T15:28:05.436353
jgwd86cquh,NCR Atleos,Graduate Software Engineer - June 2026 Start,graduate-programmes,['Software Engineering'],2026,UK,UK,2026-01-30T00:00:00.000Z,,https://ncratleos.wd1.myworkdayjobs.com/en-US/ext_non_usalteos/job/Graduate-Software-Engineer---June-2026-Start_R1150343,,,Yes,,2026-02-19T15:28:05.436534
k9iov04k51,Flow Traders,Graduate Software Engineer - C++,graduate-programmes,['Quant Developer'],2026,UK,UK,2025-10-24T00:00:00.000Z,,https://job-boards.greenhouse.io/flowtraders/jobs/7355726?utm_source=Trackr&utm_medium=tracker&utm_campaign=UK_Technology_2026&gh_src=Trackr,,,Yes,,2026-02-19T15:28:05.436556
kolqnqu196,B2C2,Graduate Quant Developer,graduate-programmes,['Quant Developer'],2026,UK,UK,2026-02-23T00:00:00.000Z,,https://job-boards.eu.greenhouse.io/b2c2/jobs/4745320101?utm_source=Trackr&utm_medium=tracker&utm_campaign=UK_Technology_2026&gh_src=Trackr,,,Yes,,2026-03-05T17:30:15.332624
laeodbq5js,Squarepoint Capital,Graduate Software Developer,graduate-programmes,['Quant Developer'],2026,UK,UK,2025-08-26T00:00:00.000Z,,https://www.squarepoint-capital.com/open-opportunities?id=6040910&gh_jid=6040910&utm_source=Trackr&utm_medium=tracker&utm_campaign=UK_Technology_2026&gh_src=Trackr,,,Yes,,2026-02-19T15:28:05.436628
lg3tcedqpa,Dirac Trading Group,Junior Software Engineer,graduate-programmes,['Quant Developer'],2026,UK,UK,2026-03-18T00:00:00.000Z,,https://form.typeform.com/to/lACl9upq?typeform-source=www.the-trackr.com#link_source=trackr,,,Yes,,2026-03-19T06:51:00.588049
muuwphcilz,GSA Capital,Software Developer,graduate-programmes,['Quant Developer'],2026,UK,UK,2025-07-14T00:00:00.000Z,,https://boards.greenhouse.io/embed/job_app?for=gsacapital&token=7555839002&utm_source=Trackr&utm_medium=tracker&utm_campaign=UK_Technology_2026&gh_src=Trackr,,,Yes,,2026-02-19T15:28:05.436829
mux5y2ck00,Framestore,Junior ML Ops Engineer - Launchpad Internship 2026,graduate-programmes,['AI and Machine Learning'],2026,UK,UK,2026-02-05T00:00:00.000Z,,https://framestore.recruitee.com/o/ml-ops-l26?utm_source=Trackr&utm_medium=tracker&utm_campaign=UK_Technology_2026&source=Trackr,,,Yes,,2026-02-19T15:28:05.436839
mvdo5num2u,Persimmon Homes,Graduate AI and Digital Innovation Associate,graduate-programmes,['AI and Machine Learning'],2026,UK,UK,2026-03-09T00:00:00.000Z,,https://employers.sanctuarygraduates.co.uk/PersimmonHomes/?utm_source=Trackr&utm_medium=tracker&utm_campaign=UK_Technology_2026,,,Yes,,2026-03-16T07:08:45.686559
n9bhn8ax31,Susquehanna International Group,Software Developer Graduate: 2026,graduate-programmes,['Quant Developer'],2026,UK,UK,2025-08-26T00:00:00.000Z,,https://careers.sig.com/job/9726/Software-Developer-Graduate-2026?utm_source=Trackr&utm_medium=tracker&utm_campaign=UK_Technology_2026,,,Yes,,2026-02-19T15:28:05.436858
nvuxbzgqjx,Actica Consulting,Graduate Cyber Security Consultant,graduate-programmes,['Tech Consulting'],2026,UK,UK,2025-08-27T00:00:00.000Z,,https://actica.pinpointhq.com/en/postings/f8a55fa1-219a-4925-852f-da24e0479c78?utm_source=Trackr&utm_medium=tracker&utm_campaign=UK_Technology_2026,,,Yes,,2026-02-19T15:28:05.436913
o7gndmqhn6,Marshall Wace,Technology Graduate Scheme 2026,graduate-programmes,['Software Engineering'],2026,UK,UK,2026-01-06T00:00:00.000Z,,https://job-boards.greenhouse.io/mw-tech-grad/jobs/8119127002?utm_source=Trackr&utm_medium=tracker&utm_campaign=UK_Technology_2026&gh_src=Trackr,,,Yes,,2026-02-19T15:28:05.436934
ogneu3d6zw,Dorset Software,Software Graduate Programme,graduate-programmes,['Software Engineering'],2026,UK,UK,2025-08-26T00:00:00.000Z,,https://www.surveymonkey.com/r/DorsetSoftwareCareers?utm_source=Trackr&utm_medium=tracker&utm_campaign=UK_Technology_2026,,,Yes,,2026-02-19T15:28:05.436973
ot2dj4nq8d,ThreatAware,Graduate AI Engineer,graduate-programmes,['AI and Machine Learning'],2026,UK,UK,2026-03-18T00:00:00.000Z,,https://threataware.com/careers/job?id=51a822b7-03b7-4f04-a780-2b7f80476494&utm_source=Trackr&utm_medium=tracker&utm_campaign=UK_Technology_2026,,,Yes,,2026-03-19T06:51:00.588181
oxassn8c4k,Jane Street,Software Engineer New Grad,graduate-programmes,['Quant Developer'],2026,UK,UK,2025-08-26T00:00:00.000Z,,https://www.janestreet.com/join-jane-street/open-roles/?type=students-and-new-grads&location=london&department=technology&duration=permanent&utm_source=Trackr&utm_medium=tracker&utm_campaign=UK_Technology_2026,,,Yes,,2026-02-19T15:28:05.436984
p68lh8mjrm,Bluesmith,Graduate Software Engineer,graduate-programmes,['Software Engineering'],2026,UK,UK,2025-10-13T00:00:00.000Z,,https://app.testgorilla.com/testtaker/welcome/1a1c6fe6-a6ef-4486-abbb-015921fb471d?utm_source=Trackr&utm_medium=tracker&utm_campaign=UK_Technology_2026,,,Yes,,2026-02-19T15:28:05.437027
phapidqi7e,Hudson River Trading,Software Engineer - 2026 Grads,graduate-programmes,['Quant Developer'],2026,UK,UK,2025-10-07T00:00:00.000Z,,https://www.hudsonrivertrading.com/careers/?utm_source=Trackr&utm_medium=tracker&utm_campaign=UK_Technology_2026&locations=ldn%2C&job-type=full-time-new-grad%2C,,,Yes,,2026-02-19T15:28:05.437042
q000oxfwdt,Accenture,Graduate Programme 2026 - 2027,graduate-programmes,['Tech Consulting'],2026,UK,UK,2025-10-06T00:00:00.000Z,,https://accenture.pinpointhq.com/united-kingdom?utm_source=Trackr&utm_medium=tracker&utm_campaign=UK_Technology_2026&search=graduate+programme,,,No,,2026-02-19T15:28:05.437122
qpp5a684a5,Fever,Fever Software Engineering Fellowship,graduate-programmes,['Startups'],2026,UK,UK,2026-01-27T00:00:00.000Z,,https://careers.feverup.com/jobs/4766787101/fever-software-engineering-fellowship/?utm_source=Trackr&utm_medium=tracker&utm_campaign=UK_Technology_2026,,,Yes,,2026-02-19T15:28:05.437211
s70j5899ip,BNY Mellon,2026 Analyst Program,graduate-programmes,['Software Engineering'],2026,UK,UK,2025-09-16T00:00:00.000Z,,https://eofe.fa.us2.oraclecloud.com/hcmUI/CandidateExperience/en/sites/CX_1001/jobs?keyword=%22analyst+program+-+engineering%22&location=United+Kingdom&locationId=300000000378281&locationLevel=country&mode=location&utm_source=Trackr&utm_medium=tracker&utm_campaign=UK_Technology_2026&iis=Trackr&sType=Trackr,,,Yes,,2026-02-19T15:28:05.437326
tb70ckgi3i,Acturis,2026 Graduate Programme,graduate-programmes,"['Software Engineering', 'DevOps and Infrastructure', 'IT']",2026,UK,UK,2026-03-10T00:00:00.000Z,,https://app.the-trackr.com/programme/acturis-graduate-programme,,,Yes,,2026-03-16T07:08:45.686772
tjx4u4249r,Dare,Graduate Software Engineer,graduate-programmes,['Quant Developer'],2026,UK,UK,2026-02-19T00:00:00.000Z,,https://careers.dare.global/jobs/7257625-graduate-software-engineer?utm_source=Trackr&utm_medium=tracker&utm_campaign=UK_Technology_2026,,,Yes,,2026-02-19T15:28:05.437437
tkvbws9qwt,Baringa,Summer 2026 Internship - AI,graduate-programmes,['AI and Machine Learning'],2026,UK,UK,2026-02-16T00:00:00.000Z,,https://job-boards.eu.greenhouse.io/baringa/jobs/4778983101?utm_source=Trackr&utm_medium=tracker&utm_campaign=UK_Technology_2026&gh_src=Trackr,,,Yes,,2026-02-19T15:28:05.437448
ukfi1v2pqd,Low Carbon Contracts Company,Technology Net Zero Graduate Scheme,graduate-programmes,"['Software Engineering', 'Data Science', 'DevOps and Infrastructure']",2026,UK,UK,2026-03-11T00:00:00.000Z,2026-03-26T00:00:00.000Z,https://careers.lowcarboncontracts.uk/en/postings/f36e7783-89b8-4f86-9513-6bfa899a8b78?src=Trackr&utm_source=Trackr&utm_medium=tracker&utm_campaign=UK_Technology_2026,,,Yes,,2026-03-16T07:08:45.686799
uy2q6wa54b,KKR,2026 Software Engineering Graduate Analyst - Dublin,graduate-programmes,['Software Engineering'],2026,UK,UK,2026-01-19T00:00:00.000Z,,https://www.kkr.com/careers/student-careers/student-career-opportunities?utm_source=Trackr&utm_medium=tracker&utm_campaign=UK_Technology_2026,,,Yes,,2026-02-19T15:28:05.437521
v1kzfds8m3,Southern Water,Graduate Development Programme - Digital,graduate-programmes,"['Software Engineering', 'Data Science', 'Cyber Security']",2026,UK,UK,2026-03-03T00:00:00.000Z,2026-03-29T00:00:00.000Z,https://amrjobs.adecco.co.uk/members/modules/job/detail.php?utm_source=Trackr&utm_medium=tracker&utm_campaign=UK_Technology_2026&record=451+,,,Yes,,2026-03-05T17:30:15.333623
v8m8xjjdr7,Tower Peak Partners,Summer Internship - AI‑Native Data Platform Engineering,graduate-programmes,['AI and Machine Learning'],2026,UK,UK,2026-03-17T00:00:00.000Z,,https://job-boards.eu.greenhouse.io/towerpeak/jobs/4808077101?utm_source=Trackr&utm_medium=tracker&utm_campaign=UK_Technology_2026&gh_src=Trackr,,,Yes,,2026-03-18T06:55:20.860071
var81zurcy,Kingspan,Junior Software Developer,graduate-programmes,['Software Engineering'],2026,UK,UK,2026-02-20T00:00:00.000Z,2026-05-03T00:00:00.000Z,https://kingspangraduate.groupgti.com/junior-software-scada-developeruk-pembridge2026/183/viewdetails?utm_source=Trackr&utm_medium=tracker&utm_campaign=UK_Technology_2026,,,No,,2026-03-05T17:30:15.333658
vhshrfylgt,Isembard,Graduate Software Engineer,graduate-programmes,['Software Engineering'],2026,UK,UK,2026-03-10T00:00:00.000Z,,,,,Yes,,2026-03-16T07:08:45.686845
x2uvb2ushd,Bastion Trading,IT Development Full Time 2026,graduate-programmes,['IT'],2026,UK,UK,2025-10-06T00:00:00.000Z,,https://bastiontrading.com/careers/apply?utm_source=Trackr&utm_medium=tracker&utm_campaign=UK_Technology_2026,,,Yes,,2026-02-19T15:28:05.437703
xiyq6glegj,Bending Spoons,Graduate Software Engineer,graduate-programmes,['Software Engineering'],2026,UK,UK,2025-05-02T00:00:00.000Z,,https://jobs.bendingspoons.com/positions/668e71387a24106d65888827?utm_source=Trackr&utm_medium=tracker&utm_campaign=UK_Technology_2026,,,Yes,,2026-02-19T15:28:05.437758
y0idy3tqud,TPP,Graduate Software Developer,graduate-programmes,['Software Engineering'],2026,UK,UK,2025-09-04T00:00:00.000Z,,https://tpp-careers.com/roles/graduate-software-developer/?utm_source=Trackr&utm_medium=tracker&utm_campaign=UK_Technology_2026,,,No,,2026-02-19T15:28:05.437817
zfj1dbfww3,IMC Trading,Graduate Software Engineer,graduate-programmes,['Quant Developer'],2026,UK,UK,2025-08-28T00:00:00.000Z,,https://job-boards.eu.greenhouse.io/imc?departments%5B%5D=4023812101&keyword=graduate&offices%5B%5D=4012436101&utm_source=Trackr&utm_medium=tracker&utm_campaign=UK_Technology_2026&gh_src=Trackr,,,Yes,,2026-02-19T15:28:05.437968
zmexpzh0sj,Man Group,2026 Technology Graduate Programme,graduate-programmes,['Software Engineering'],2026,UK,UK,2026-02-06T00:00:00.000Z,,https://job-boards.eu.greenhouse.io/mangroup?gh_src=Trackr&offices%5B%5D=4015744101&keyword=Graduate&utm_source=Trackr&utm_medium=tracker&utm_campaign=UK_Technology_2026,,,Yes,,2026-02-19T15:28:05.438021
zty1osulg3,Sigma Labs,Graduate Technology Consultant Programme,graduate-programmes,['Tech Consulting'],2026,UK,UK,2025-10-13T00:00:00.000Z,,https://www.sigmalabs.co.uk/our-careers?utm_source=Trackr&utm_medium=tracker&utm_campaign=UK_Technology_2026,,,Yes,,2026-02-19T15:28:05.438110
zv3hzxfjic,MediaTek,Graduate Software Engineer 2026,graduate-programmes,['Software Engineering'],2026,UK,UK,2025-10-08T00:00:00.000Z,,https://careers.mediatek.com/eREC/JobSearch?sortBy=&order=&page=1&searchKey=software+engineer+2026&category=&workExp=0011&branch=0000009302&program=&utm_source=Trackr&utm_medium=tracker&utm_campaign=UK_Technology_2026,,,No,,2026-02-19T15:28:05.438133
zxrmb0q78k,Volcore,Junior Data Scientist 2026,graduate-programmes,['Data Science'],2026,UK,UK,2026-03-17T00:00:00.000Z,,https://www.volcore.co.uk/junior-data-scientist?channel=trackr&utm_source=Trackr&utm_medium=tracker&utm_campaign=UK_Technology_2026,,,Yes,,2026-03-18T06:55:20.860215
08gsjtjb30,IMC Trading,Launchpad Programme – Technology,spring-weeks,[],2026,UK,UK,2026-01-16T00:00:00.000Z,2026-03-21T00:00:00.000Z,https://job-boards.eu.greenhouse.io/imc/jobs/4697250101?utm_source=Trackr&utm_medium=tracker&utm_campaign=UK_Technology_2026&gh_src=Trackr,,,Yes,,2026-02-19T15:28:11.274444
djeelkz6j0,Treefera,Treefera Internship Programme,spring-weeks,[],2026,UK,UK,2026-01-28T00:00:00.000Z,,https://jobs.ashbyhq.com/treefera/800f0bc8-ca10-4d6e-8b89-f9bc8867e63f?utm_source=Trackr&utm_medium=tracker&utm_campaign=UK_Technology_2026,,,Yes,,2026-02-19T15:28:11.274731
e3a77pqsbv,Roku,Software Engineer Intern,spring-weeks,[],2026,UK,UK,2026-01-21T00:00:00.000Z,,https://www.weareroku.com/jobs/search?utm_source=Trackr&utm_medium=tracker&utm_campaign=UK_Technology_2026&page=1&country_codes%5B%5D=GB&string_field_1%5B%5D=Internships&query=%22Software+Engineer+Intern%22,,,Yes,,2026-02-19T15:28:11.274748
k8s56pnq38,GSA Capital,Women in Technology Insight Programme,spring-weeks,[],2026,UK,UK,2025-10-08T00:00:00.000Z,,https://boards.greenhouse.io/embed/job_app?for=gsacapital&token=8199077002&utm_source=Trackr&utm_medium=tracker&utm_campaign=UK_Technology_2026&gh_src=Trackr,,,Yes,,2026-02-19T15:28:11.274874
kpox69e9hd,Barclays,Technology Discovery Programme 2026,spring-weeks,[],2026,UK,UK,2026-01-07T00:00:00.000Z,,https://barclays.wd3.myworkdayjobs.com/en-US/External_Career_Site_Barclays?q=technology+discovery+programme&utm_source=Trackr&utm_medium=tracker&utm_campaign=UK_Technology_2026&source=Trackr,,,Yes,,2026-02-19T15:28:11.274923
qvhhb82c42,Bank of America,SWE Insight Programme 2026 - Dublin,spring-weeks,[],2026,UK,UK,2026-02-10T00:00:00.000Z,,https://careers.bankofamerica.com/en-us/students/job-detail/14071/software-engineering-insight-programme-2026-dublin-dublin-ireland?utm_source=Trackr&utm_medium=tracker&utm_campaign=UK_Technology_2026,,,Yes,,2026-02-19T15:28:11.275053
rgukxxn79l,Convergent,Software Engineer Intern,spring-weeks,[],2026,UK,UK,2026-01-19T00:00:00.000Z,,https://www.linkedin.com/jobs/view/4364084347/?utm_source=Trackr&utm_medium=tracker&utm_campaign=UK_Technology_2026,,,Yes,,2026-02-19T15:28:11.275100
sdm5qmnr7j,MongoDB,"2026 - Women in Tech, EMEA",spring-weeks,[],2026,UK,UK,2026-02-15T00:00:00.000Z,,https://www.mongodb.com/careers/jobs/7574659?utm_source=Trackr&utm_medium=tracker&utm_campaign=UK_Technology_2026,,,Yes,,2026-02-19T15:28:11.275155
t2nshc2r7a,Marshall Wace,Technology Intern - Summer 2026,spring-weeks,[],2026,UK,UK,2025-08-28T00:00:00.000Z,,https://job-boards.greenhouse.io/mwinternshipprogram/jobs/7998360002?utm_source=Trackr&utm_medium=tracker&utm_campaign=UK_Technology_2026&gh_src=Trackr,,,Yes,,2026-02-19T15:28:11.275174
